product_name,keyword,url,money_score,demand_score,competition_score,pain_score,total_score,explanation
Unknown,google docs ai writer,https://chromewebstore.google.com/detail/contentbot-ai-writer/ehliocfmgnkdcgigclppnodpgkiodfco,0.0,3.7782236267660965,1.0,0.0,0.0,"Money Indicators: 0.00, Demand Signals: 3.78, Competition Penalty: 1.00, Pain Signals: 0.00"
Unknown,google docs ai writer,https://chromewebstore.google.com/detail/voila-%E2%80%93-ai-assistant-copi/cakobppopkpmmglabcdcklncbckjpkcl,0.0,4.903095415639038,1.0,0.0,0.0,"Money Indicators: 0.00, Demand Signals: 4.90, Competition Penalty: 1.00, Pain Signals: 0.00"
Unknown,google docs ai writer,https://chromewebstore.google.com/detail/ai-chrome-extension-power/fedmdabgnkfghjplejeilojikdaopkpm,0.0,4.000043427276863,1.0,0.0,0.0,"Money Indicators: 0.00, Demand Signals: 4.00, Competition Penalty: 1.00, Pain Signals: 0.00"
Unknown,google docs ai writer,https://chromewebstore.google.com/detail/merlin-ask-ai-to-research/camppjleccjaphfdbohjdohecfnoikec,0.0,6.0000004342942646,1.0,0.0,0.0,"Money Indicators: 0.00, Demand Signals: 6.00, Competition Penalty: 1.00, Pain Signals: 0.00"
Unknown,google docs ai writer,https://chromewebstore.google.com/detail/sider-chat-with-all-ai-gp/difoiogjjojoaoomphldepapgpbgkhkb,0.0,6.698970091194907,1.0,0.0,0.0,"Money Indicators: 0.00, Demand Signals: 6.70, Competition Penalty: 1.00, Pain Signals: 0.00"
Unknown,google docs ai writer,https://chromewebstore.google.com/detail/toneclone-ai-writer-in-yo/kcfldodgicipgcjbocfknpaloplfhmda,0.0,1.041392685158225,1.0,0.0,0.0,"Money Indicators: 0.00, Demand Signals: 1.04, Competition Penalty: 1.00, Pain Signals: 0.00"
Unknown,google docs ai writer,https://chromewebstore.google.com/detail/free-ai-essay-generator-a/lnpeflilbcimmlbenlpphfbpmocmjpgk,0.0,3.477265995424853,1.0,0.0,0.0,"Money Indicators: 0.00, Demand Signals: 3.48, Competition Penalty: 1.00, Pain Signals: 0.00"
Unknown,google docs ai writer,https://chromewebstore.google.com/detail/ai-detector-and-human-wri/kdngfaamkbbkdbemejnlkmjfpmndjdmb,0.0,4.301051709845226,1.0,0.0,0.0,"Money Indicators: 0.00, Demand Signals: 4.30, Competition Penalty: 1.00, Pain Signals: 0.00"
Unknown,google docs ai writer,https://chromewebstore.google.com/detail/google-meet-transcripts-a/cjakihmakleeghohchkmkalfoikdnadc,0.0,4.000043427276863,1.0,0.0,0.0,"Money Indicators: 0.00, Demand Signals: 4.00, Competition Penalty: 1.00, Pain Signals: 0.00"
Unknown,google docs ai writer,https://chromewebstore.google.com/detail/ai-writing-assistant/efmdldmmhkakilebgiecmcafhojapill,0.0,2.307496037913213,1.0,0.0,0.0,"Money Indicators: 0.00, Demand Signals: 2.31, Competition Penalty: 1.00, Pain Signals: 0.00"
Unknown,google docs ai writer free,https://chromewebstore.google.com/detail/ghost-writer-free/dkafampgighkehgckgbodlidipmjmppf,0.0,2.3096301674258988,1.0,0.0,0.0,"Money Indicators: 0.00, Demand Signals: 2.31, Competition Penalty: 1.00, Pain Signals: 0.00"
Unknown,google docs ai writer free,https://chromewebstore.google.com/detail/ai-chatbot/npphdmcakmfhllhblkealgkeefamebih,0.0,5.000004342923105,1.0,0.0,0.0,"Money Indicators: 0.00, Demand Signals: 5.00, Competition Penalty: 1.00, Pain Signals: 0.00"
Unknown,google docs ai writer free,https://chromewebstore.google.com/detail/shakespeare-ai-toolbar-ai/olikhkphnfenjcgliidepgflkfdmondi,0.0,3.000434077479319,1.0,0.0,0.0,"Money Indicators: 0.00, Demand Signals: 3.00, Competition Penalty: 1.00, Pain Signals: 0.00"
Unknown,google ai document writer,https://chromewebstore.google.com/detail/gptzero-ai-detection-writ/kgobeoibakoahbfnlficpmibdbkdchap,0.0,5.60206107706281,1.0,0.0,0.0,"Money Indicators: 0.00, Demand Signals: 5.60, Competition Penalty: 1.00, Pain Signals: 0.00"
Unknown,google ai document writer,https://chromewebstore.google.com/detail/deepl-translate-and-write/cofdbpoegempjloogbagkncekinflcnj,0.0,6.6020600999015695,1.0,0.0,0.0,"Money Indicators: 0.00, Demand Signals: 6.60, Competition Penalty: 1.00, Pain Signals: 0.00"
Unknown,google ai document writer,https://chromewebstore.google.com/detail/quillbot-ai-writing-and-g/iidnbdjijdkbmajdffnidomddglmieko,0.0,6.698970091194907,1.0,0.0,0.0,"Money Indicators: 0.00, Demand Signals: 6.70, Competition Penalty: 1.00, Pain Signals: 0.00"
Unknown,google ai document writer,https://chromewebstore.google.com/detail/ai-letter-generator/hgnjolbjpjmhepcbjgeeallnamkjnfgi,0.0,2.1271047983648077,1.0,0.0,0.0,"Money Indicators: 0.00, Demand Signals: 2.13, Competition Penalty: 1.00, Pain Signals: 0.00"
Unknown,google ai document writer,https://chromewebstore.google.com/detail/dueyai-humanizer-auto-typ/ilamopeagajnekeaogejpdmffneankjf,0.0,4.477135730961123,1.0,0.0,0.0,"Money Indicators: 0.00, Demand Signals: 4.48, Competition Penalty: 1.00, Pain Signals: 0.00"
Unknown,google ai document writer,https://chromewebstore.google.com/detail/undetectable-ai-human-aut/jldjlnajbbkbmebhgfpcgghpbfpfakni,0.0,4.000043427276863,1.0,0.0,0.0,"Money Indicators: 0.00, Demand Signals: 4.00, Competition Penalty: 1.00, Pain Signals: 0.00"
Unknown,google document ai example,https://chromewebstore.google.com/detail/ai-google-form-builder/kjglafdhoohlhlicoklkgjffiedneeem,0.0,4.602070848554296,1.0,0.0,0.0,"Money Indicators: 0.00, Demand Signals: 4.60, Competition Penalty: 1.00, Pain Signals: 0.00"
Unknown,google document ai example,https://chromewebstore.google.com/detail/scribe-ai-documentation-s/okfkdaglfjjjfefdcppliegebpoegaii,0.0,6.0000004342942646,1.0,0.0,0.0,"Money Indicators: 0.00, Demand Signals: 6.00, Competition Penalty: 1.00, Pain Signals: 0.00"
Unknown,google document ai example,https://chromewebstore.google.com/detail/formgoatai-%E2%80%93-ai-autofill/bfppichejcckhekcedhhlnjeahlnbkao,0.0,2.5514499979728753,1.0,0.0,0.0,"Money Indicators: 0.00, Demand Signals: 2.55, Competition Penalty: 1.00, Pain Signals: 0.00"
Unknown,google document ai example,https://chromewebstore.google.com/detail/briefly-ai-meeting-summar/bjmgcelbpkgmofiogkmleblcmecflldk,0.0,3.602168551378997,1.0,0.0,0.0,"Money Indicators: 0.00, Demand Signals: 3.60, Competition Penalty: 1.00, Pain Signals: 0.00"
Unknown,google document ai example,https://chromewebstore.google.com/detail/formix-ai/hhpgihahikeplfhhclckonipbdbdcgmo,0.0,2.204119982655925,1.0,0.0,0.0,"Money Indicators: 0.00, Demand Signals: 2.20, Competition Penalty: 1.00, Pain Signals: 0.00"
Unknown,google document ai example,https://chromewebstore.google.com/detail/snapgrade-ai-visual-docum/kmefklainnkibhgnbmhngcoakihialni,0.0,1.255272505103306,1.0,0.0,0.0,"Money Indicators: 0.00, Demand Signals: 1.26, Competition Penalty: 1.00, Pain Signals: 0.00"
Unknown,google document ai example,https://chromewebstore.google.com/detail/docfiller/goibiampjlgcdjdfakjepniopldpijcd,0.0,2.525044807036845,1.0,0.0,0.0,"Money Indicators: 0.00, Demand Signals: 2.53, Competition Penalty: 1.00, Pain Signals: 0.00"
Unknown,google document ai example,https://chromewebstore.google.com/detail/taxbuzz-ai/opikndfepbbekgnhehdaaomhbiejgpkj,0.0,2.041392685158225,1.0,0.0,0.0,"Money Indicators: 0.00, Demand Signals: 2.04, Competition Penalty: 1.00, Pain Signals: 0.00"
Unknown,google document ai cost,https://chromewebstore.google.com/detail/thought-bot-ai/molhiolkbndfjeokachagfmklnpoelag,0.0,0.6989700043360189,1.0,0.0,0.0,"Money Indicators: 0.00, Demand Signals: 0.70, Competition Penalty: 1.00, Pain Signals: 0.00"
Unknown,google document ai cost,https://chromewebstore.google.com/detail/doc2prompt-pdf-to-chatgpt/ncehnommghjgggpiiofhdkgdpnodebng,0.0,1.0791812460476249,1.0,0.0,0.0,"Money Indicators: 0.00, Demand Signals: 1.08, Competition Penalty: 1.00, Pain Signals: 0.00"
Unknown,google document ai cost,https://chromewebstore.google.com/detail/ai-contract-generator/kpccglocffnkkdfhppdikelpoblabijn,0.0,1.7242758696007892,1.0,0.0,0.0,"Money Indicators: 0.00, Demand Signals: 1.72, Competition Penalty: 1.00, Pain Signals: 0.00"
Unknown,google document ai cost,https://chromewebstore.google.com/detail/ai-lawyer/hbnhlfogmljpempeohaclgkngdcghomn,0.0,2.3541084391474008,1.0,0.0,0.0,"Money Indicators: 0.00, Demand Signals: 2.35, Competition Penalty: 1.00, Pain Signals: 0.00"
Unknown,google document ai cost,https://chromewebstore.google.com/detail/image-to-form-auto-filler/kkbeionamblgeamgjejcohakkpcmklgi,0.0,1.0,1.0,0.0,0.0,"Money Indicators: 0.00, Demand Signals: 1.00, Competition Penalty: 1.00, Pain Signals: 0.00"
Unknown,google document ai cost,https://chromewebstore.google.com/detail/opentranscribe/longmnbeigmjpnghnkihdkeljbodlbef,0.0,1.8808135922807914,1.0,0.0,0.0,"Money Indicators: 0.00, Demand Signals: 1.88, Competition Penalty: 1.00, Pain Signals: 0.00"
Unknown,google document ai cost,https://chromewebstore.google.com/detail/policy-threat-analyzer/enbhocgffaeppnikpcmkojaifhigknhi,0.0,0.47712125471966244,1.0,0.0,0.0,"Money Indicators: 0.00, Demand Signals: 0.48, Competition Penalty: 1.00, Pain Signals: 0.00"
Unknown,google document ai cost,https://chromewebstore.google.com/detail/apex-learning-hack-assist/deepanfkojflalfajnkcnlhiejeomdgk,0.0,3.477265995424853,1.0,0.0,0.0,"Money Indicators: 0.00, Demand Signals: 3.48, Competition Penalty: 1.00, Pain Signals: 0.00"
Unknown,google document ai cost,https://chromewebstore.google.com/detail/joblic/hcaaakegebekicmbkffmpmimibcboehh,0.0,0.47712125471966244,1.0,0.0,0.0,"Money Indicators: 0.00, Demand Signals: 0.48, Competition Penalty: 1.00, Pain Signals: 0.00"
Unknown,how to use google docs for writing,https://chromewebstore.google.com/detail/google-docs-quick-write/cmieehnbepanbodfemngddghfbdijebf,0.0,2.0,1.0,0.0,0.0,"Money Indicators: 0.00, Demand Signals: 2.00, Competition Penalty: 1.00, Pain Signals: 0.00"
Unknown,how to use google docs for writing,https://chromewebstore.google.com/detail/readwrite-for-google-chro/inoeonmfapjbbkmdafoankkfajkcphgd,0.0,7.301030017378705,1.0,0.0,0.0,"Money Indicators: 0.00, Demand Signals: 7.30, Competition Penalty: 1.00, Pain Signals: 0.00"
Unknown,how to use google docs for writing,https://chromewebstore.google.com/detail/revision-history-writing/dlepebghjlnddgihakmnpoiifjjpmomh,0.0,5.301032167130962,1.0,0.0,0.0,"Money Indicators: 0.00, Demand Signals: 5.30, Competition Penalty: 1.00, Pain Signals: 0.00"
Unknown,how to use google docs for writing,https://chromewebstore.google.com/detail/draftback/nnajoiemfpldioamchanognpjmocgkbg,0.0,5.60206107706281,1.0,0.0,0.0,"Money Indicators: 0.00, Demand Signals: 5.60, Competition Penalty: 1.00, Pain Signals: 0.00"
Unknown,how to use google docs for writing,https://chromewebstore.google.com/detail/dark-mode-google-docs/iabnclnclchijjckhdljmocghgmgnnii,0.0,5.60206107706281,1.0,0.0,0.0,"Money Indicators: 0.00, Demand Signals: 5.60, Competition Penalty: 1.00, Pain Signals: 0.00"
Unknown,how to use google docs for writing,https://chromewebstore.google.com/detail/process-feedback-for-goog/chcbikmmlhbbdkfiaaaljabpefdfajnb,0.0,4.77815848856469,1.0,0.0,0.0,"Money Indicators: 0.00, Demand Signals: 4.78, Competition Penalty: 1.00, Pain Signals: 0.00"
Unknown,how to use google docs for writing,https://chromewebstore.google.com/detail/google-docs-new/onjjpeonkbenaglclaageiidffmfemco,0.0,3.699056854547668,1.0,0.0,0.0,"Money Indicators: 0.00, Demand Signals: 3.70, Competition Penalty: 1.00, Pain Signals: 0.00"
Unknown,how to use google docs for writing,https://chromewebstore.google.com/detail/auto-write/bpingmbcimfnmggbbbjpoajmgpjkeikj,0.0,2.8095597146352675,1.0,0.0,0.0,"Money Indicators: 0.00, Demand Signals: 2.81, Competition Penalty: 1.00, Pain Signals: 0.00"
Unknown,how to use google docs for writing,https://chromewebstore.google.com/detail/writehuman-history-replay/bfaogmhmapcefhmkdablidkcgkgnhghl,0.0,4.000043427276863,1.0,0.0,0.0,"Money Indicators: 0.00, Demand Signals: 4.00, Competition Penalty: 1.00, Pain Signals: 0.00"
Unknown,do writers use google docs,https://chromewebstore.google.com/detail/google-docs-splitview/mhekpeihiapfhjefakclpbmdofbmldcb,0.0,4.000043427276863,1.0,0.0,0.0,"Money Indicators: 0.00, Demand Signals: 4.00, Competition Penalty: 1.00, Pain Signals: 0.00"
Unknown,do writers use google docs,https://chromewebstore.google.com/detail/grammarly-ai-writing-assi/kbfnbcaeplbcioakkpcpgfkobkghlhen,0.0,7.633468465679458,1.0,0.0,0.0,"Money Indicators: 0.00, Demand Signals: 7.63, Competition Penalty: 1.00, Pain Signals: 0.00"
Unknown,do writers use google docs,https://chromewebstore.google.com/detail/prowritingaid-grammar-che/npnbdojkgkbcdfdjlfdmplppdphlhhcf,0.0,5.301032167130962,1.0,0.0,0.0,"Money Indicators: 0.00, Demand Signals: 5.30, Competition Penalty: 1.00, Pain Signals: 0.00"
Unknown,do writers use google docs,https://chromewebstore.google.com/detail/writer-extension-clipper/ikfjgjdcechliibmcjnaoabbfjabbaoc,0.0,4.95424733490676,1.0,0.0,0.0,"Money Indicators: 0.00, Demand Signals: 4.95, Competition Penalty: 1.00, Pain Signals: 0.00"
Unknown,do writers use google docs,https://chromewebstore.google.com/detail/distraction-free-mode-%E2%80%94-g/blmejkgbnceohgjfnoiegdlbfkmpkeha,0.0,4.000043427276863,1.0,0.0,0.0,"Money Indicators: 0.00, Demand Signals: 4.00, Competition Penalty: 1.00, Pain Signals: 0.00"
Unknown,do writers use google docs,https://chromewebstore.google.com/detail/writing-assistant/icfibfjidabjcklhikmodelmopjmghgj,0.0,3.477265995424853,1.0,0.0,0.0,"Money Indicators: 0.00, Demand Signals: 3.48, Competition Penalty: 1.00, Pain Signals: 0.00"
Unknown,do writers use google docs,https://chromewebstore.google.com/detail/hyperwrite-ai-writing-ass/kljjoeapehcmaphfcjkmbhkinoaopdnd,0.0,4.95424733490676,1.0,0.0,0.0,"Money Indicators: 0.00, Demand Signals: 4.95, Competition Penalty: 1.00, Pain Signals: 0.00"
Unknown,is google docs safe for writing,https://chromewebstore.google.com/detail/jetbrains-grazie-writing/fonaoompfjljjllgccccgjnhnoghohgc,0.0,4.000043427276863,1.0,0.0,0.0,"Money Indicators: 0.00, Demand Signals: 4.00, Competition Penalty: 1.00, Pain Signals: 0.00"
Unknown,is google docs safe for writing,https://chromewebstore.google.com/detail/monica-all-in-one-ai-assi/ofpnmcalabcbjgholdjcjblkibolbppb,0.0,6.477121399484465,1.0,0.0,0.0,"Money Indicators: 0.00, Demand Signals: 6.48, Competition Penalty: 1.00, Pain Signals: 0.00"
Unknown,linkedin recruiter chrome extension,https://chromewebstore.google.com/detail/email-finder-getprospect/bhbcbkonalnjkflmdkdodieehnmmeknp,0.0,5.000004342923105,1.0,0.0,0.0,"Money Indicators: 0.00, Demand Signals: 5.00, Competition Penalty: 1.00, Pain Signals: 0.00"
Unknown,linkedin recruiter chrome extension,https://chromewebstore.google.com/detail/x0pa-recruiter-extension/aeeccphegbhmemmjncggcjlieanbkcmg,0.0,1.8750612633917,1.0,0.0,0.0,"Money Indicators: 0.00, Demand Signals: 1.88, Competition Penalty: 1.00, Pain Signals: 0.00"
Unknown,linkedin recruiter chrome extension,https://chromewebstore.google.com/detail/crm-integration-with-link/fpieanbcbflkkhljicblgbmndgblndgh,0.0,2.7708520116421442,1.0,0.0,0.0,"Money Indicators: 0.00, Demand Signals: 2.77, Competition Penalty: 1.00, Pain Signals: 0.00"
Unknown,linkedin recruiter chrome extension,https://chromewebstore.google.com/detail/elitehunter-linkedin-auto/jkmfjdkjgpoeedfonffkjhfimpdpaade,0.0,1.2041199826559248,1.0,0.0,0.0,"Money Indicators: 0.00, Demand Signals: 1.20, Competition Penalty: 1.00, Pain Signals: 0.00"
Unknown,linkedin recruiter chrome extension,https://chromewebstore.google.com/detail/outreachai/dflaihboigogikfpkgkoniicfoojcfbc,0.0,2.5943925503754266,1.0,0.0,0.0,"Money Indicators: 0.00, Demand Signals: 2.59, Competition Penalty: 1.00, Pain Signals: 0.00"
Unknown,linkedin recruiter chrome extension,https://chromewebstore.google.com/detail/mogul-recruiter/peimgkadcinffebndofhpegopgdfgjda,0.0,1.8512583487190752,1.0,0.0,0.0,"Money Indicators: 0.00, Demand Signals: 1.85, Competition Penalty: 1.00, Pain Signals: 0.00"
Unknown,linkedin recruiter chrome extension,https://chromewebstore.google.com/detail/resume-exporter-for-recru/pgmifkhefggmdhompkbibndokddhkimh,0.0,2.9304395947667,1.0,0.0,0.0,"Money Indicators: 0.00, Demand Signals: 2.93, Competition Penalty: 1.00, Pain Signals: 0.00"
Unknown,linkedin recruiter chrome extension,https://chromewebstore.google.com/detail/careerflow-ai-job-applica/iadokddofjgcgjpjlfhngclhpmaelnli,0.0,5.301032167130962,1.0,0.0,0.0,"Money Indicators: 0.00, Demand Signals: 5.30, Competition Penalty: 1.00, Pain Signals: 0.00"
Unknown,linkedin recruiter chrome extension,https://chromewebstore.google.com/detail/jobreferai-linkedin-job-o/mmknngpolenffhdaocoeeigkfhinbgnh,0.0,3.000434077479319,1.0,0.0,0.0,"Money Indicators: 0.00, Demand Signals: 3.00, Competition Penalty: 1.00, Pain Signals: 0.00"
Unknown,linkedin recruiter chrome extension,https://chromewebstore.google.com/detail/instresume-linkedin-revie/dbmgnjicbikhdlcaachlgpfgijlmdogh,0.0,2.187520720836463,1.0,0.0,0.0,"Money Indicators: 0.00, Demand Signals: 2.19, Competition Penalty: 1.00, Pain Signals: 0.00"
Unknown,linkedin recruiter contact,https://chromewebstore.google.com/detail/incontact-contact-book-fo/bhhdblckjkgijhjajngmjdijpmhoeobp,0.0,2.4653828514484184,1.0,0.0,0.0,"Money Indicators: 0.00, Demand Signals: 2.47, Competition Penalty: 1.00, Pain Signals: 0.00"
Unknown,linkedin recruiter contact,https://chromewebstore.google.com/detail/email-finder-by-contactou/jjdemeiffadmmjhkbbpglgnlgeafomjo,0.0,5.698970872924114,1.0,0.0,0.0,"Money Indicators: 0.00, Demand Signals: 5.70, Competition Penalty: 1.00, Pain Signals: 0.00"
Unknown,linkedin recruiter contact,https://chromewebstore.google.com/detail/pitchmeai-job-recruiter-e/gpaoonmjikbnoedbnnmihhichnjlojji,0.0,3.3012470886362113,1.0,0.0,0.0,"Money Indicators: 0.00, Demand Signals: 3.30, Competition Penalty: 1.00, Pain Signals: 0.00"
Unknown,linkedin recruiter contact,https://chromewebstore.google.com/detail/capture-by-tracker/mlpgaajadjjmemccfnecpjmfflecjjad,0.0,3.3012470886362113,1.0,0.0,0.0,"Money Indicators: 0.00, Demand Signals: 3.30, Competition Penalty: 1.00, Pain Signals: 0.00"
Unknown,linkedin recruiter contact,https://chromewebstore.google.com/detail/recruiter-accelerator/dcnpnkllnajifmpiggleoomlapoiinjf,0.0,0.7781512503836436,1.0,0.0,0.0,"Money Indicators: 0.00, Demand Signals: 0.78, Competition Penalty: 1.00, Pain Signals: 0.00"
Unknown,linkedin recruiter contact,https://chromewebstore.google.com/detail/lead-management-crm/nfaddeeedeljipeikkinhddkonoebfgp,0.0,1.4313637641589874,1.0,0.0,0.0,"Money Indicators: 0.00, Demand Signals: 1.43, Competition Penalty: 1.00, Pain Signals: 0.00"
Unknown,linkedin recruiter contact,https://chromewebstore.google.com/detail/octopus-all-in-one-linked/afahlliooeebnifondmbhcaghcapepbm,0.0,4.8451042441768255,1.0,0.0,0.0,"Money Indicators: 0.00, Demand Signals: 4.85, Competition Penalty: 1.00, Pain Signals: 0.00"
Unknown,linkedin recruiter contact number,https://chromewebstore.google.com/detail/salesql-b2b-email-finder/lbdglhhdbgnknbdifhanfholehojlkgg,0.0,5.000004342923105,1.0,0.0,0.0,"Money Indicators: 0.00, Demand Signals: 5.00, Competition Penalty: 1.00, Pain Signals: 0.00"
Unknown,linkedin recruiter contact number,https://chromewebstore.google.com/detail/qodeworld-copilot-for-rec/hfcbppmifjfaobchcpmoeinjdfdpgonh,0.0,1.7075701760979363,1.0,0.0,0.0,"Money Indicators: 0.00, Demand Signals: 1.71, Competition Penalty: 1.00, Pain Signals: 0.00"
Unknown,linkedin recruiter contact number,https://chromewebstore.google.com/detail/linkedin-saved-jobs-extra/hodgpgefgipbimcincapmgoiejjijbkf,0.0,1.5185139398778875,1.0,0.0,0.0,"Money Indicators: 0.00, Demand Signals: 1.52, Competition Penalty: 1.00, Pain Signals: 0.00"
Unknown,linkedin recruiter contact number,https://chromewebstore.google.com/detail/linkedin-to-airtable/cnbfnjnfadkcidlmddmmhkbfbngephmk,0.0,2.525044807036845,1.0,0.0,0.0,"Money Indicators: 0.00, Demand Signals: 2.53, Competition Penalty: 1.00, Pain Signals: 0.00"
Unknown,z real estate scraper chrome extension,https://chromewebstore.google.com/detail/z-real-estate-scraper-for/jdidjlghecfpaedabjinjfpdlcioeklo,0.0,3.3012470886362113,1.0,0.0,0.0,"Money Indicators: 0.00, Demand Signals: 3.30, Competition Penalty: 1.00, Pain Signals: 0.00"
Unknown,z real estate scraper chrome extension,https://chromewebstore.google.com/detail/zillow-listings-scraper-z/gdbnkepefknkdhionjglgioohibnekmn,0.0,1.041392685158225,1.0,0.0,0.0,"Money Indicators: 0.00, Demand Signals: 1.04, Competition Penalty: 1.00, Pain Signals: 0.00"
Unknown,z real estate scraper chrome extension,https://chromewebstore.google.com/detail/thunderbit-ai-web-scraper/hbkblmodhbmcakopmmfbaopfckopccgp,0.0,5.000004342923105,1.0,0.0,0.0,"Money Indicators: 0.00, Demand Signals: 5.00, Competition Penalty: 1.00, Pain Signals: 0.00"
Unknown,real estate scraper chrome,https://chromewebstore.google.com/detail/real-estate-data-scraper/nlieamdebnjhijflpbkbaijnjpdpieoh,0.0,3.3012470886362113,1.0,0.0,0.0,"Money Indicators: 0.00, Demand Signals: 3.30, Competition Penalty: 1.00, Pain Signals: 0.00"
Unknown,real estate scraper chrome,https://chromewebstore.google.com/detail/zillow-scraper-agent-prop/gjhcnbnbclgoiggjlghgnnckfmbfnhbb,0.0,2.7403626894942437,1.0,0.0,0.0,"Money Indicators: 0.00, Demand Signals: 2.74, Competition Penalty: 1.00, Pain Signals: 0.00"
Unknown,real estate scraper chrome,https://chromewebstore.google.com/detail/real-estate-scraper-tool/njfokbkbbpciopkfephmmeagdfokenko,0.0,1.6127838567197355,1.0,0.0,0.0,"Money Indicators: 0.00, Demand Signals: 1.61, Competition Penalty: 1.00, Pain Signals: 0.00"
Unknown,real estate scraper chrome,https://chromewebstore.google.com/detail/zillow-scraper-extract-ex/hgfcbomkghjeaglfogfijgfgljehibpl,0.0,2.8750612633917,1.0,0.0,0.0,"Money Indicators: 0.00, Demand Signals: 2.88, Competition Penalty: 1.00, Pain Signals: 0.00"
Unknown,real estate scraper chrome,https://chromewebstore.google.com/detail/zillow-scraper/ndfgliofhogaipihfibmfpanaldoklbh,0.0,2.399673721481038,1.0,0.0,0.0,"Money Indicators: 0.00, Demand Signals: 2.40, Competition Penalty: 1.00, Pain Signals: 0.00"
Unknown,real estate scraper chrome,https://chromewebstore.google.com/detail/zillow-scraper-agent-prop/mbpanoogbnehgacolcfmlddmpnljpbml,0.0,1.8750612633917,1.0,0.0,0.0,"Money Indicators: 0.00, Demand Signals: 1.88, Competition Penalty: 1.00, Pain Signals: 0.00"
Unknown,real estate scraper chrome,https://chromewebstore.google.com/detail/zillow-scraper-lead-gener/djhnaibcpncgldkceiolopiafopnopbp,0.0,2.278753600952829,1.0,0.0,0.0,"Money Indicators: 0.00, Demand Signals: 2.28, Competition Penalty: 1.00, Pain Signals: 0.00"
Unknown,real estate scraper chrome,https://chromewebstore.google.com/detail/listly-web-scraping/ihljmnfgkkmoikgkdkjejbkpdpbmcgeh,0.0,5.000004342923105,1.0,0.0,0.0,"Money Indicators: 0.00, Demand Signals: 5.00, Competition Penalty: 1.00, Pain Signals: 0.00"
Unknown,real estate scraper chrome,https://chromewebstore.google.com/detail/zillow-scraper-export-lea/hfcnkdlbllfagajomfddiaefmojfbama,0.0,0.9030899869919435,1.0,0.0,0.0,"Money Indicators: 0.00, Demand Signals: 0.90, Competition Penalty: 1.00, Pain Signals: 0.00"
Unknown,upwork automated bidding,https://chromewebstore.google.com/detail/upwork-copilot-ai-proposa/ogkpippnjeanpefmaahcmokejkaeipjo,0.0,3.477265995424853,1.0,0.0,0.0,"Money Indicators: 0.00, Demand Signals: 3.48, Competition Penalty: 1.00, Pain Signals: 0.00"
Unknown,upwork automated bidding,https://chromewebstore.google.com/detail/ai-upwork-auto-bid/ofojlmkgjmmdiegmbaoiaokoclpkmkgb,0.0,0.9030899869919435,1.0,0.0,0.0,"Money Indicators: 0.00, Demand Signals: 0.90, Competition Penalty: 1.00, Pain Signals: 0.00"
Unknown,upwork automated bidding,https://chromewebstore.google.com/detail/ai-proposal-generator-for/conikchpaofeclhpkheikggfahgpcahc,0.0,1.662757831681574,1.0,0.0,0.0,"Money Indicators: 0.00, Demand Signals: 1.66, Competition Penalty: 1.00, Pain Signals: 0.00"
Unknown,upwork automated bidding,https://chromewebstore.google.com/detail/bid-agent/dlojompjfplommagmoijaeiggemmigck,0.0,1.1760912590556813,1.0,0.0,0.0,"Money Indicators: 0.00, Demand Signals: 1.18, Competition Penalty: 1.00, Pain Signals: 0.00"
Unknown,how to bid successfully on upwork,https://chromewebstore.google.com/detail/upwork-analytics/fgeaeaohhhilmhmnnhiakoejocajcnnf,0.0,2.3483048630481607,1.0,0.0,0.0,"Money Indicators: 0.00, Demand Signals: 2.35, Competition Penalty: 1.00, Pain Signals: 0.00"
Unknown,how to bid successfully on upwork,https://chromewebstore.google.com/detail/upwork-goldmine-filter-wo/leclidplibnlhpncilpnfpnanfbhoaaa,0.0,1.0,1.0,0.0,0.0,"Money Indicators: 0.00, Demand Signals: 1.00, Competition Penalty: 1.00, Pain Signals: 0.00"
Unknown,what is bidding in upwork,https://chromewebstore.google.com/detail/upwork-bidder-ai-coming-s/abobgdedegeclcbaaeddpbjflffpkdlo,0.0,2.03342375548695,1.0,0.0,0.0,"Money Indicators: 0.00, Demand Signals: 2.03, Competition Penalty: 1.00, Pain Signals: 0.00"
Unknown,what is bidding in upwork,https://chromewebstore.google.com/detail/copalat-a-gpt-for-freelan/pegclbgggajipbeekkdgmpccojjcjedd,0.0,3.000434077479319,1.0,0.0,0.0,"Money Indicators: 0.00, Demand Signals: 3.00, Competition Penalty: 1.00, Pain Signals: 0.00"
Unknown,what is bidding in upwork,https://chromewebstore.google.com/detail/upwork-alternative/bggfhgigoocopnabibkahmoheooobmfk,0.0,0.7781512503836436,1.0,0.0,0.0,"Money Indicators: 0.00, Demand Signals: 0.78, Competition Penalty: 1.00, Pain Signals: 0.00"
Unknown,amazon product analysis extension,https://chromewebstore.google.com/detail/tool4seller-amazon-produc/ocjlckkmllgdmmpiobopeblldmmhjpjk,0.0,4.000043427276863,1.0,0.0,0.0,"Money Indicators: 0.00, Demand Signals: 4.00, Competition Penalty: 1.00, Pain Signals: 0.00"
Unknown,amazon product analysis extension,https://chromewebstore.google.com/detail/amazon-product-finder-amz/njopapoodmifmcogpingplfphojnfeea,0.0,5.000004342923105,1.0,0.0,0.0,"Money Indicators: 0.00, Demand Signals: 5.00, Competition Penalty: 1.00, Pain Signals: 0.00"
Unknown,amazon product analysis extension,https://chromewebstore.google.com/detail/sellersprite-amazon-resea/lnbmbgocenenhhhdojdielgnmeflbnfb,0.0,5.60206107706281,1.0,0.0,0.0,"Money Indicators: 0.00, Demand Signals: 5.60, Competition Penalty: 1.00, Pain Signals: 0.00"
Unknown,amazon product analysis extension,https://chromewebstore.google.com/detail/sellerapp-supercharge-you/lofbbfcpljahnhgncgommcbkckdbjdof,0.0,4.477135730961123,1.0,0.0,0.0,"Money Indicators: 0.00, Demand Signals: 4.48, Competition Penalty: 1.00, Pain Signals: 0.00"
Unknown,amazon product analysis extension,https://chromewebstore.google.com/detail/helium-10-for-amazon-sell/njmehopjdpcckochcggncklnlmikcbnb,0.0,6.0000004342942646,1.0,0.0,0.0,"Money Indicators: 0.00, Demand Signals: 6.00, Competition Penalty: 1.00, Pain Signals: 0.00"
Unknown,amazon product analysis extension,https://chromewebstore.google.com/detail/amazon-review-request-too/akaobgcedoikjgdlbecjejhdfhdmobph,0.0,3.7782236267660965,1.0,0.0,0.0,"Money Indicators: 0.00, Demand Signals: 3.78, Competition Penalty: 1.00, Pain Signals: 0.00"
Unknown,amazon product analysis extension,https://chromewebstore.google.com/detail/jungle-scout/bckjlihkmgolmgkchbpiponapgjenaoa,0.0,5.477122702365523,1.0,0.0,0.0,"Money Indicators: 0.00, Demand Signals: 5.48, Competition Penalty: 1.00, Pain Signals: 0.00"
Unknown,amazon product analysis extension,https://chromewebstore.google.com/detail/seller-radar-amazon-produ/amdclkifgboiigijlnnmbgjcliakgchp,0.0,2.8382192219076257,1.0,0.0,0.0,"Money Indicators: 0.00, Demand Signals: 2.84, Competition Penalty: 1.00, Pain Signals: 0.00"
Unknown,amazon product analysis extension,https://chromewebstore.google.com/detail/amazon-product-research-p/fdomdebhgmlgoogponlofhmecpbafoej,0.0,2.075546961392531,1.0,0.0,0.0,"Money Indicators: 0.00, Demand Signals: 2.08, Competition Penalty: 1.00, Pain Signals: 0.00"
Unknown,amazon product analysis extension,https://chromewebstore.google.com/detail/ai-amazon-product-researc/cdmbeofnbhgdgnijieodggfmfpamfifg,0.0,4.000043427276863,1.0,0.0,0.0,"Money Indicators: 0.00, Demand Signals: 4.00, Competition Penalty: 1.00, Pain Signals: 0.00"
Unknown,amazon seller analytics extension,https://chromewebstore.google.com/detail/azinsight-amazon-fba-prod/gefiflkplklbfkcjjcbobokclopbigfg,0.0,4.477135730961123,1.0,0.0,0.0,"Money Indicators: 0.00, Demand Signals: 4.48, Competition Penalty: 1.00, Pain Signals: 0.00"
Unknown,amazon seller analytics extension,https://chromewebstore.google.com/detail/selleramp-sas-amazon-fba/kidmffepbniamfbibhfgdakkggchipjl,0.0,5.000004342923105,1.0,0.0,0.0,"Money Indicators: 0.00, Demand Signals: 5.00, Competition Penalty: 1.00, Pain Signals: 0.00"
Unknown,amazon seller analytics extension,https://chromewebstore.google.com/detail/ds-amazon-quick-view/jkompbllimaoekaogchhkmkdogpkhojg,0.0,5.7781519742071765,1.0,0.0,0.0,"Money Indicators: 0.00, Demand Signals: 5.78, Competition Penalty: 1.00, Pain Signals: 0.00"
Unknown,amazon seller analytics extension,https://chromewebstore.google.com/detail/online-seller-addon/cmjihoeplpkmlmbbiiognkceoechmand,0.0,4.95424733490676,1.0,0.0,0.0,"Money Indicators: 0.00, Demand Signals: 4.95, Competition Penalty: 1.00, Pain Signals: 0.00"
Unknown,amazon seller analytics extension,https://chromewebstore.google.com/detail/sellify-amazon-walmart-se/aaanccbgcapmhkemhjlkmladllalcmie,0.0,3.477265995424853,1.0,0.0,0.0,"Money Indicators: 0.00, Demand Signals: 3.48, Competition Penalty: 1.00, Pain Signals: 0.00"
Unknown,amazon seller analytics extension,https://chromewebstore.google.com/detail/databoss-amazon-analytics/benpeajocgmeimlhncgdeblffombmhfa,0.0,2.469822015978163,1.0,0.0,0.0,"Money Indicators: 0.00, Demand Signals: 2.47, Competition Penalty: 1.00, Pain Signals: 0.00"
Unknown,google sheets automation tools,https://chromewebstore.google.com/detail/bardeen-automate-browser/ihhkmalpkhkoedlmcnilbbhhbhnicjga,0.0,5.301032167130962,1.0,0.0,0.0,"Money Indicators: 0.00, Demand Signals: 5.30, Competition Penalty: 1.00, Pain Signals: 0.00"
Unknown,google sheets automation tools,https://chromewebstore.google.com/detail/sheets-genie/jimbejfllgpmhahdeleeojfdinlpgllk,0.0,2.561101383649056,1.0,0.0,0.0,"Money Indicators: 0.00, Demand Signals: 2.56, Competition Penalty: 1.00, Pain Signals: 0.00"
Unknown,google sheets automation tools,https://chromewebstore.google.com/detail/magical-text-expander-aut/iibninhmiggehlcdolcilmhacighjamp,0.0,5.477122702365523,1.0,0.0,0.0,"Money Indicators: 0.00, Demand Signals: 5.48, Competition Penalty: 1.00, Pain Signals: 0.00"
Unknown,google sheets automation tools,https://chromewebstore.google.com/detail/whatsapp-bulk-message-sen/empadgjgdchholinefgfdhcenflcicln,0.0,2.2479732663618064,1.0,0.0,0.0,"Money Indicators: 0.00, Demand Signals: 2.25, Competition Penalty: 1.00, Pain Signals: 0.00"
Unknown,google sheets automation tools,https://chromewebstore.google.com/detail/taskade-ai-agents-chat-bo/hcobdfnjjaceclfdjpmmpiknimccjpmf,0.0,4.77815848856469,1.0,0.0,0.0,"Money Indicators: 0.00, Demand Signals: 4.78, Competition Penalty: 1.00, Pain Signals: 0.00"
Unknown,google sheets automation tools,https://chromewebstore.google.com/detail/hopted-amazon-e-commerce/hppngadaifclpeoiiigaeghmbfolemjk,0.0,2.597695185925512,1.0,0.0,0.0,"Money Indicators: 0.00, Demand Signals: 2.60, Competition Penalty: 1.00, Pain Signals: 0.00"
Unknown,google sheets automation tools,https://chromewebstore.google.com/detail/finzy-linkedin-automation/ofcpdpgcagbdnainooineelmombklbhp,0.0,2.2380461031287955,1.0,0.0,0.0,"Money Indicators: 0.00, Demand Signals: 2.24, Competition Penalty: 1.00, Pain Signals: 0.00"
Unknown,google sheets automation tools,https://chromewebstore.google.com/detail/sheet-buddy/bjkjnfmcdmpjgfbmjbdenmoclbiegmoc,0.0,0.8450980400142568,1.0,0.0,0.0,"Money Indicators: 0.00, Demand Signals: 0.85, Competition Penalty: 1.00, Pain Signals: 0.00"
Unknown,google sheets automation tools,https://chromewebstore.google.com/detail/nocoding-data-scraper-eas/ojaffphbffmdaicdkahnmihipclmepok,0.0,4.602070848554296,1.0,0.0,0.0,"Money Indicators: 0.00, Demand Signals: 4.60, Competition Penalty: 1.00, Pain Signals: 0.00"
Unknown,form to google sheets automation tool,https://chromewebstore.google.com/detail/google-forms-auto-filler/jdjlkmjjmpdbmejkicfjokkgifdkpjek,0.0,4.477135730961123,1.0,0.0,0.0,"Money Indicators: 0.00, Demand Signals: 4.48, Competition Penalty: 1.00, Pain Signals: 0.00"
Unknown,form to google sheets automation tool,https://chromewebstore.google.com/detail/lightning-autofill/nlmmgnhgdeffjkdckmikfpnddkbbfkkk,0.0,5.698970872924114,1.0,0.0,0.0,"Money Indicators: 0.00, Demand Signals: 5.70, Competition Penalty: 1.00, Pain Signals: 0.00"
Unknown,form to google sheets automation tool,https://chromewebstore.google.com/detail/google-tasks/ehbmpdmbnminplejlpbgbkijnmheffec,0.0,2.617000341120899,1.0,0.0,0.0,"Money Indicators: 0.00, Demand Signals: 2.62, Competition Penalty: 1.00, Pain Signals: 0.00"
Unknown,form to google sheets automation tool,https://chromewebstore.google.com/detail/whats2api-integrate-whats/nifnaghkkjbnghihjkbbcibndkhnlkdc,0.0,2.7558748556724915,1.0,0.0,0.0,"Money Indicators: 0.00, Demand Signals: 2.76, Competition Penalty: 1.00, Pain Signals: 0.00"
Unknown,form to google sheets automation tool,https://chromewebstore.google.com/detail/templify-%E2%80%93-write-messages/fndgllkjbjkfnkjfcpnajbmgaedokmdo,0.0,3.3012470886362113,1.0,0.0,0.0,"Money Indicators: 0.00, Demand Signals: 3.30, Competition Penalty: 1.00, Pain Signals: 0.00"
Unknown,form to google sheets automation tool,https://chromewebstore.google.com/detail/spiderking-ai-web-scraper/phgpndedflkchdgnihgfijppnfgelefa,0.0,1.792391689498254,1.0,0.0,0.0,"Money Indicators: 0.00, Demand Signals: 1.79, Competition Penalty: 1.00, Pain Signals: 0.00"
Unknown,form to google sheets automation tool,https://chromewebstore.google.com/detail/all-in-one-context-menu-p/fnchfnmjbfobolkkmbikelajbceddcaf,0.0,2.1492191126553797,1.0,0.0,0.0,"Money Indicators: 0.00, Demand Signals: 2.15, Competition Penalty: 1.00, Pain Signals: 0.00"
Unknown,form to google sheets automation tool,https://chromewebstore.google.com/detail/elements-extractor/paecedpobkmhmmdfahbogcgmbleciadj,0.0,0.6020599913279624,1.0,0.0,0.0,"Money Indicators: 0.00, Demand Signals: 0.60, Competition Penalty: 1.00, Pain Signals: 0.00"
Unknown,how to automate google sheets,https://chromewebstore.google.com/detail/sheetgo-connect-filter-me/jopgcfpfajmdhngaldhlhpedjncpjmle,0.0,4.000043427276863,1.0,0.0,0.0,"Money Indicators: 0.00, Demand Signals: 4.00, Competition Penalty: 1.00, Pain Signals: 0.00"
Unknown,how to automate google sheets,https://chromewebstore.google.com/detail/superjoin-ai-assistant-fo/ebjiaboijeoeckmpioggahflmlabfjom,0.0,3.477265995424853,1.0,0.0,0.0,"Money Indicators: 0.00, Demand Signals: 3.48, Competition Penalty: 1.00, Pain Signals: 0.00"
Unknown,how to automate google sheets,https://chromewebstore.google.com/detail/octo-ai-data-analysis-aut/obloifdoiohdfcnimbahlphceecmjoci,0.0,2.503790683057181,1.0,0.0,0.0,"Money Indicators: 0.00, Demand Signals: 2.50, Competition Penalty: 1.00, Pain Signals: 0.00"
Unknown,how to automate google sheets,https://chromewebstore.google.com/detail/harpa-ai-web-automation-w/eanggfilgoajaocelnaflolkadkeghjp,0.0,5.60206107706281,1.0,0.0,0.0,"Money Indicators: 0.00, Demand Signals: 5.60, Competition Penalty: 1.00, Pain Signals: 0.00"
Unknown,how to automate google sheets,https://chromewebstore.google.com/detail/axiom-browser-automation/cpgamigjcbffkaiciiepndmonbfdimbb,0.0,5.000004342923105,1.0,0.0,0.0,"Money Indicators: 0.00, Demand Signals: 5.00, Competition Penalty: 1.00, Pain Signals: 0.00"
Unknown,how to automate google sheets,https://chromewebstore.google.com/detail/browserflow-web-scraping/hfjnppljknigdnnpocjjgdcfmnodoafe,0.0,4.301051709845226,1.0,0.0,0.0,"Money Indicators: 0.00, Demand Signals: 4.30, Competition Penalty: 1.00, Pain Signals: 0.00"
Unknown,how to automate google sheets,https://chromewebstore.google.com/detail/goless-browser-automation/ghlmiigebgipgagnhlanjmmniefbfihl,0.0,3.477265995424853,1.0,0.0,0.0,"Money Indicators: 0.00, Demand Signals: 3.48, Competition Penalty: 1.00, Pain Signals: 0.00"
Unknown,can google sheets use vba,https://chromewebstore.google.com/detail/excel-master-ai/edfkmdmdoiacnfgdgplfcepkgihfffem,0.0,1.2041199826559248,1.0,0.0,0.0,"Money Indicators: 0.00, Demand Signals: 1.20, Competition Penalty: 1.00, Pain Signals: 0.00"
Unknown,how to use google script in sheets,https://chromewebstore.google.com/detail/google-apps-script-tools/iigobcdpmngdgiacebgenbccmdacnjhp,0.0,4.602070848554296,1.0,0.0,0.0,"Money Indicators: 0.00, Demand Signals: 4.60, Competition Penalty: 1.00, Pain Signals: 0.00"
Unknown,how to use google script in sheets,https://chromewebstore.google.com/detail/google-apps-script-copilo/aakmllddlcknkbcgjabmcgggfciofbgo,0.0,4.000043427276863,1.0,0.0,0.0,"Money Indicators: 0.00, Demand Signals: 4.00, Competition Penalty: 1.00, Pain Signals: 0.00"
Unknown,how to use google script in sheets,https://chromewebstore.google.com/detail/google-apps-script-github/lfjcgcmkmjjlieihflfhjopckgpelofo,0.0,4.477135730961123,1.0,0.0,0.0,"Money Indicators: 0.00, Demand Signals: 4.48, Competition Penalty: 1.00, Pain Signals: 0.00"
Unknown,how to use google script in sheets,https://chromewebstore.google.com/detail/appsscript-color/ciggahcpieccaejjdpkllokejakhkome,0.0,4.477135730961123,1.0,0.0,0.0,"Money Indicators: 0.00, Demand Signals: 4.48, Competition Penalty: 1.00, Pain Signals: 0.00"
Unknown,how to use google script in sheets,https://chromewebstore.google.com/detail/dark-night-docs-sheets-sl/pmimaploeaigkkpcodclcfoeedegjmka,0.0,2.785329835010767,1.0,0.0,0.0,"Money Indicators: 0.00, Demand Signals: 2.79, Competition Penalty: 1.00, Pain Signals: 0.00"
Unknown,how to use google script in sheets,https://chromewebstore.google.com/detail/no-script-suite-lite/ahnanjpbkghcdgmlchbcfoiefnifjeni,0.0,4.000043427276863,1.0,0.0,0.0,"Money Indicators: 0.00, Demand Signals: 4.00, Competition Penalty: 1.00, Pain Signals: 0.00"
Unknown,how to use google script in sheets,https://chromewebstore.google.com/detail/nitrogas/najbgpipgacnhjcaabbhdaddlmebmopb,0.0,2.0681858617461617,1.0,0.0,0.0,"Money Indicators: 0.00, Demand Signals: 2.07, Competition Penalty: 1.00, Pain Signals: 0.00"
Unknown,how to use google script in sheets,https://chromewebstore.google.com/detail/convert-xlsx-and-csv-to-g/icpanbomnggchalammgeffpeegjnmdic,0.0,0.47712125471966244,1.0,0.0,0.0,"Money Indicators: 0.00, Demand Signals: 0.48, Competition Penalty: 1.00, Pain Signals: 0.00"
Unknown,how to use google script in sheets,https://chromewebstore.google.com/detail/pragmatic-ai-google-apps/oehfhmecefcenifckphdpppimfclnmlj,0.0,1.8325089127062364,1.0,0.0,0.0,"Money Indicators: 0.00, Demand Signals: 1.83, Competition Penalty: 1.00, Pain Signals: 0.00"
Unknown,how to use google script in sheets,https://chromewebstore.google.com/detail/script-blocker-ultimate-n/onedokhafbakmhkblnokgjcliehfognj,0.0,4.000043427276863,1.0,0.0,0.0,"Money Indicators: 0.00, Demand Signals: 4.00, Competition Penalty: 1.00, Pain Signals: 0.00"
Unknown,can you convert google sheets to excel,https://chromewebstore.google.com/detail/excel-to-google-sheets/ommpabojdlffhckbmnegilogojdoggmp,0.0,3.602168551378997,1.0,0.0,0.0,"Money Indicators: 0.00, Demand Signals: 3.60, Competition Penalty: 1.00, Pain Signals: 0.00"
Unknown,can you convert google sheets to excel,https://chromewebstore.google.com/detail/convert-pdf-to-excel/bhaeffhiollngcgdhoepmdckmeadgnbk,0.0,4.000043427276863,1.0,0.0,0.0,"Money Indicators: 0.00, Demand Signals: 4.00, Competition Penalty: 1.00, Pain Signals: 0.00"
Unknown,can you convert google sheets to excel,https://chromewebstore.google.com/detail/office-editing-for-docs-s/gbkeegbaiigmenfmjfclcdgdpimamgkj,0.0,0.0,1.0,0.0,0.0,"Money Indicators: 0.00, Demand Signals: 0.00, Competition Penalty: 1.00, Pain Signals: 0.00"
Unknown,can you convert google sheets to excel,https://chromewebstore.google.com/detail/pdf-to-excel-converter/oaggnjdgcnhicninfnkheklcimlcmlom,0.0,2.928907690243953,1.0,0.0,0.0,"Money Indicators: 0.00, Demand Signals: 2.93, Competition Penalty: 1.00, Pain Signals: 0.00"
Unknown,can you convert google sheets to excel,https://chromewebstore.google.com/detail/data-scraper-easy-web-scr/nndknepjnldbdbepjfgmncbggmopgden,0.0,5.477122702365523,1.0,0.0,0.0,"Money Indicators: 0.00, Demand Signals: 5.48, Competition Penalty: 1.00, Pain Signals: 0.00"
Unknown,can you convert google sheets to excel,https://chromewebstore.google.com/detail/tablesherpa-web-to-sheets/gkkoclipcambffgiijcjemfnhpknlenk,0.0,2.4927603890268375,1.0,0.0,0.0,"Money Indicators: 0.00, Demand Signals: 2.49, Competition Penalty: 1.00, Pain Signals: 0.00"
Unknown,can you convert google sheets to excel,https://chromewebstore.google.com/detail/ai-excel-bot-chatgpt-exce/ehpdalbmeiockgpaikchiciodighaedg,0.0,4.602070848554296,1.0,0.0,0.0,"Money Indicators: 0.00, Demand Signals: 4.60, Competition Penalty: 1.00, Pain Signals: 0.00"
Unknown,can you convert google sheets to excel,https://chromewebstore.google.com/detail/pdf-to-excel/llkbobggnhmhacelceeomfifnjmopklm,0.0,2.478566495593843,1.0,0.0,0.0,"Money Indicators: 0.00, Demand Signals: 2.48, Competition Penalty: 1.00, Pain Signals: 0.00"
Unknown,can you convert google sheets to excel,https://chromewebstore.google.com/detail/json-to-excel-converter/afgljgmhifnlchgemjmmemebnkhghfep,0.0,1.6720978579357175,1.0,0.0,0.0,"Money Indicators: 0.00, Demand Signals: 1.67, Competition Penalty: 1.00, Pain Signals: 0.00"
Unknown,how to use google sheets to make a spreadsheet,https://chromewebstore.google.com/detail/add-to-sheets-save-to-goo/hgilhmbegaanegfbcppneigcmhgoinib,0.0,3.602168551378997,1.0,0.0,0.0,"Money Indicators: 0.00, Demand Signals: 3.60, Competition Penalty: 1.00, Pain Signals: 0.00"
Unknown,how to use google sheets to make a spreadsheet,https://chromewebstore.google.com/detail/google-sheets-dark-mode/jolajcnbcjbfmlkccdppfjpbnlfgejpn,0.0,4.477135730961123,1.0,0.0,0.0,"Money Indicators: 0.00, Demand Signals: 4.48, Competition Penalty: 1.00, Pain Signals: 0.00"
Unknown,how to use google sheets to make a spreadsheet,https://chromewebstore.google.com/detail/table-capture-tabular-dat/bmmhahnhjkhgephgblidkpoidfkhchnk,0.0,4.000043427276863,1.0,0.0,0.0,"Money Indicators: 0.00, Demand Signals: 4.00, Competition Penalty: 1.00, Pain Signals: 0.00"
Unknown,how to use google sheets to make a spreadsheet,https://chromewebstore.google.com/detail/templates-for-google-shee/cplfhghglmhnonmiadpnkdkjacihabja,0.0,4.000043427276863,1.0,0.0,0.0,"Money Indicators: 0.00, Demand Signals: 4.00, Competition Penalty: 1.00, Pain Signals: 0.00"
Unknown,how to use google sheets to make a spreadsheet,https://chromewebstore.google.com/detail/export-emails-to-sheets-b/ibpbagbedfnlepijbnjeanihpoohkocm,0.0,4.602070848554296,1.0,0.0,0.0,"Money Indicators: 0.00, Demand Signals: 4.60, Competition Penalty: 1.00, Pain Signals: 0.00"
Unknown,how to use google sheets to make a spreadsheet,https://chromewebstore.google.com/detail/table-capture/iebpjdmgckacbodjpijphcplhebcmeop,0.0,5.301032167130962,1.0,0.0,0.0,"Money Indicators: 0.00, Demand Signals: 5.30, Competition Penalty: 1.00, Pain Signals: 0.00"
Unknown,how to use google sheets to make a spreadsheet,https://chromewebstore.google.com/detail/google-sheets-dark-mode/edffmjgbjnhkgfjbfkkojaaejamclpfk,0.0,3.7782236267660965,1.0,0.0,0.0,"Money Indicators: 0.00, Demand Signals: 3.78, Competition Penalty: 1.00, Pain Signals: 0.00"
Unknown,how to use google sheets to make a spreadsheet,https://chromewebstore.google.com/detail/quick-spreadsheet/akcjblpfcnfknlafiedflockhcibkdcm,0.0,3.000434077479319,1.0,0.0,0.0,"Money Indicators: 0.00, Demand Signals: 3.00, Competition Penalty: 1.00, Pain Signals: 0.00"
Unknown,how to use google sheets to make a spreadsheet,https://chromewebstore.google.com/detail/sheetsgpt-ai-google-sheet/gniilafaobndflnfkjofaecaapicnhhg,0.0,4.000043427276863,1.0,0.0,0.0,"Money Indicators: 0.00, Demand Signals: 4.00, Competition Penalty: 1.00, Pain Signals: 0.00"
Unknown,how to use google sheets to make a spreadsheet,https://chromewebstore.google.com/detail/google-sheets-tabs-on-top/lbhlhhckfpdpafckdiklcbamkmogjdjc,0.0,4.301051709845226,1.0,0.0,0.0,"Money Indicators: 0.00, Demand Signals: 4.30, Competition Penalty: 1.00, Pain Signals: 0.00"
Unknown,youtube seo chrome extension,https://chromewebstore.google.com/detail/tubebuddy-for-youtube/mhkhmbddkmdggbhaaaodilponhnccicb,0.0,6.0000004342942646,1.0,0.0,0.0,"Money Indicators: 0.00, Demand Signals: 6.00, Competition Penalty: 1.00, Pain Signals: 0.00"
Unknown,youtube seo chrome extension,https://chromewebstore.google.com/detail/vidiq-vision-for-youtube/pachckjkecffpdphbpmfolblodfkgbhl,0.0,6.477121399484465,1.0,0.0,0.0,"Money Indicators: 0.00, Demand Signals: 6.48, Competition Penalty: 1.00, Pain Signals: 0.00"
Unknown,youtube seo chrome extension,https://chromewebstore.google.com/detail/keywords-everywhere-keywo/hbapdpeemoojbophdfndmlgdhppljgmp,0.0,6.0000004342942646,1.0,0.0,0.0,"Money Indicators: 0.00, Demand Signals: 6.00, Competition Penalty: 1.00, Pain Signals: 0.00"
Unknown,youtube seo chrome extension,https://chromewebstore.google.com/detail/ubersuggest-seo-and-keywo/nmpgaoofmjlimabncmnmnopjabbflegf,0.0,5.845098660434502,1.0,0.0,0.0,"Money Indicators: 0.00, Demand Signals: 5.85, Competition Penalty: 1.00, Pain Signals: 0.00"
Unknown,youtube seo chrome extension,https://chromewebstore.google.com/detail/seo-checker/hfhfhmjmahcmfnpoheijkhhlicgjabmk,0.0,3.699056854547668,1.0,0.0,0.0,"Money Indicators: 0.00, Demand Signals: 3.70, Competition Penalty: 1.00, Pain Signals: 0.00"
Unknown,youtube seo chrome extension,https://chromewebstore.google.com/detail/vidai/hphfliggkgombflhagnibkclkllpbkpk,0.0,3.8451600776519457,1.0,0.0,0.0,"Money Indicators: 0.00, Demand Signals: 3.85, Competition Penalty: 1.00, Pain Signals: 0.00"
Unknown,youtube seo chrome extension,https://chromewebstore.google.com/detail/veefly-youtube-chrome-ext/igmmoahkolhlpcfjeijbbbmecpbkllkp,0.0,1.8750612633917,1.0,0.0,0.0,"Money Indicators: 0.00, Demand Signals: 1.88, Competition Penalty: 1.00, Pain Signals: 0.00"
Unknown,youtube seo chrome extension,https://chromewebstore.google.com/detail/show-youtube-video-tags-a/jlimlbghmhifobdaampfgllomdldpmeg,0.0,2.8382192219076257,1.0,0.0,0.0,"Money Indicators: 0.00, Demand Signals: 2.84, Competition Penalty: 1.00, Pain Signals: 0.00"
Unknown,youtube seo chrome extension,https://chromewebstore.google.com/detail/lumetrics-youtube-seo-rea/injmglapifjegojjdojaphjgodbbkdmb,0.0,1.041392685158225,1.0,0.0,0.0,"Money Indicators: 0.00, Demand Signals: 1.04, Competition Penalty: 1.00, Pain Signals: 0.00"
Unknown,youtube seo chrome extension,https://chromewebstore.google.com/detail/ai-youtube-seo-assistant/nlkjohhmcbdcgdkpelgkecifipaofppl,0.0,0.0,1.0,0.0,0.0,"Money Indicators: 0.00, Demand Signals: 0.00, Competition Penalty: 1.00, Pain Signals: 0.00"
Unknown,youtube seo tool chrome extension,https://chromewebstore.google.com/detail/get-youtube-tags/oghechgciofkpklmdhjoeaafejnmgppa,0.0,2.9609461957338317,1.0,0.0,0.0,"Money Indicators: 0.00, Demand Signals: 2.96, Competition Penalty: 1.00, Pain Signals: 0.00"
Unknown,youtube seo tool chrome extension,https://chromewebstore.google.com/detail/tubenxt-for-youtube/meaieklbnkpcmaafcphibnlmpfapbjpg,0.0,2.9867717342662448,1.0,0.0,0.0,"Money Indicators: 0.00, Demand Signals: 2.99, Competition Penalty: 1.00, Pain Signals: 0.00"
Unknown,youtube seo tool chrome extension,https://chromewebstore.google.com/detail/tubeoptimize-pro/ngokobidghmangbbpaelkfecpjjlbkgl,0.0,1.462397997898956,1.0,0.0,0.0,"Money Indicators: 0.00, Demand Signals: 1.46, Competition Penalty: 1.00, Pain Signals: 0.00"
Unknown,youtube seo tool chrome extension,https://chromewebstore.google.com/detail/keyword-planner-get-volum/nglpmnggbdgdkeplmhdjleioggagkhgc,0.0,3.3012470886362113,1.0,0.0,0.0,"Money Indicators: 0.00, Demand Signals: 3.30, Competition Penalty: 1.00, Pain Signals: 0.00"
Unknown,youtube seo tool chrome extension,https://chromewebstore.google.com/detail/viewgin-eye-youtube-tikto/cdnimgollfgcehacjeaahljajlgdldie,0.0,2.4533183400470375,1.0,0.0,0.0,"Money Indicators: 0.00, Demand Signals: 2.45, Competition Penalty: 1.00, Pain Signals: 0.00"
Unknown,youtube seo tool chrome extension,https://chromewebstore.google.com/detail/free-youtube-keywords-tag/lphciodaebdfbdpdkhngagehmdpijpnp,0.0,1.0791812460476249,1.0,0.0,0.0,"Money Indicators: 0.00, Demand Signals: 1.08, Competition Penalty: 1.00, Pain Signals: 0.00"
Unknown,youtube video seo extension chrome,https://chromewebstore.google.com/detail/youtube-to-text/apnedodbofogffiagpekmbeflilkcbgf,0.0,5.301032167130962,1.0,0.0,0.0,"Money Indicators: 0.00, Demand Signals: 5.30, Competition Penalty: 1.00, Pain Signals: 0.00"
Unknown,youtube video seo extension chrome,https://chromewebstore.google.com/detail/youtube-analyzer/oefncahpjhmbhahohenajofmeleahjen,0.0,2.7701152947871015,1.0,0.0,0.0,"Money Indicators: 0.00, Demand Signals: 2.77, Competition Penalty: 1.00, Pain Signals: 0.00"
Unknown,youtube video seo extension chrome,https://chromewebstore.google.com/detail/digispot-ai-seo-insights/njjbmbinhpipcdocojjniahjgdoljohg,0.0,2.6646419755561257,1.0,0.0,0.0,"Money Indicators: 0.00, Demand Signals: 2.66, Competition Penalty: 1.00, Pain Signals: 0.00"
Unknown,youtube seo best practices,https://chromewebstore.google.com/detail/free-ai-youtube-video-tit/holfnplikookkjkmdjodchnobhknkhmj,0.0,2.888179493918325,1.0,0.0,0.0,"Money Indicators: 0.00, Demand Signals: 2.89, Competition Penalty: 1.00, Pain Signals: 0.00"
Unknown,youtube seo best practices,https://chromewebstore.google.com/detail/youtube-tagger/clobnhgmllpgmoinblefdhhajjfccmip,0.0,1.806179973983887,1.0,0.0,0.0,"Money Indicators: 0.00, Demand Signals: 1.81, Competition Penalty: 1.00, Pain Signals: 0.00"
Unknown,youtube seo best practices,https://chromewebstore.google.com/detail/free-ai-tag-generator-for/oojmepkmiepcfpkkcjlhacagadhencdk,0.0,2.6053050461411096,1.0,0.0,0.0,"Money Indicators: 0.00, Demand Signals: 2.61, Competition Penalty: 1.00, Pain Signals: 0.00"
Unknown,youtube seo best practices,https://chromewebstore.google.com/detail/ai-search-engine-optimiza/gojpceecidcihnceohabpajddgjleaak,0.0,1.6532125137753437,1.0,0.0,0.0,"Money Indicators: 0.00, Demand Signals: 1.65, Competition Penalty: 1.00, Pain Signals: 0.00"
Unknown,youtube seo settings,https://chromewebstore.google.com/detail/youtube-chapters-timeskip/pedofdgoinfflbafjdldggkjcjafpalb,0.0,3.000434077479319,1.0,0.0,0.0,"Money Indicators: 0.00, Demand Signals: 3.00, Competition Penalty: 1.00, Pain Signals: 0.00"
Unknown,youtube seo settings,https://chromewebstore.google.com/detail/youtube-description-gener/mgbmaphlmdndiochenldhaibaebpicih,0.0,1.806179973983887,1.0,0.0,0.0,"Money Indicators: 0.00, Demand Signals: 1.81, Competition Penalty: 1.00, Pain Signals: 0.00"
Unknown,youtube seo settings,https://chromewebstore.google.com/detail/youtube-brainrot-blocker/mlepgckpannljbjbjndnnigckogkjblk,0.0,2.0086001717619175,1.0,0.0,0.0,"Money Indicators: 0.00, Demand Signals: 2.01, Competition Penalty: 1.00, Pain Signals: 0.00"
Unknown,youtube seo settings,https://chromewebstore.google.com/detail/tubeflow-optimizer/ncnjefjolnnibkcjniaglbllhgiooncd,0.0,0.0,1.0,0.0,0.0,"Money Indicators: 0.00, Demand Signals: 0.00, Competition Penalty: 1.00, Pain Signals: 0.00"
Unknown,youtube seo settings,https://chromewebstore.google.com/detail/tubespanner/bbnicfgabflhomlfeehgadmijdfiaaii,0.0,2.9628426812012423,1.0,0.0,0.0,"Money Indicators: 0.00, Demand Signals: 2.96, Competition Penalty: 1.00, Pain Signals: 0.00"
Unknown,youtube seo settings,https://chromewebstore.google.com/detail/subtitles-for-youtube-by/kppjkkmennnoomefnpgnjcnagjmomgbo,0.0,2.2174839442139063,1.0,0.0,0.0,"Money Indicators: 0.00, Demand Signals: 2.22, Competition Penalty: 1.00, Pain Signals: 0.00"
Unknown,youtube seo ranking,https://chromewebstore.google.com/detail/rankpro/bmendnndheldajgfdnkngepjacfljdoi,0.0,0.6989700043360189,1.0,0.0,0.0,"Money Indicators: 0.00, Demand Signals: 0.70, Competition Penalty: 1.00, Pain Signals: 0.00"
Unknown,youtube seo ranking,https://chromewebstore.google.com/detail/youtube-tag-generator/gjobfohmhobaaghinlpdpcboojaocamp,0.0,2.424881636631067,1.0,0.0,0.0,"Money Indicators: 0.00, Demand Signals: 2.42, Competition Penalty: 1.00, Pain Signals: 0.00"
Unknown,youtube seo ranking,https://chromewebstore.google.com/detail/serp-analyzer-pro-google/pnachhklfkmlcjconccoggdocfcifdbn,0.0,2.322219294733919,1.0,0.0,0.0,"Money Indicators: 0.00, Demand Signals: 2.32, Competition Penalty: 1.00, Pain Signals: 0.00"
Unknown,youtube seo ranking,https://chromewebstore.google.com/detail/universal-keyword-planner/niaagjifaifoebkdkkndbhdoamicolmj,0.0,3.699056854547668,1.0,0.0,0.0,"Money Indicators: 0.00, Demand Signals: 3.70, Competition Penalty: 1.00, Pain Signals: 0.00"
Unknown,youtube seo ranking,https://chromewebstore.google.com/detail/youtube-video-to-blog-con/phnjkojaibknjfdknapomgdjkehgehpk,0.0,1.8195439355418688,1.0,0.0,0.0,"Money Indicators: 0.00, Demand Signals: 1.82, Competition Penalty: 1.00, Pain Signals: 0.00"
Unknown,youtube seo ranking,https://chromewebstore.google.com/detail/saydub-youtube-summary-wi/knhjgdkddmnomebnjnmcbioloeojhadc,0.0,2.416640507338281,1.0,0.0,0.0,"Money Indicators: 0.00, Demand Signals: 2.42, Competition Penalty: 1.00, Pain Signals: 0.00"
Unknown,youtube seo ranking,https://chromewebstore.google.com/detail/chapterfast-youtube-chapt/knjgnhdmbanlcgacjhphjmnbpjfekimb,0.0,0.8450980400142568,1.0,0.0,0.0,"Money Indicators: 0.00, Demand Signals: 0.85, Competition Penalty: 1.00, Pain Signals: 0.00"
Unknown,youtube seo score,https://chromewebstore.google.com/detail/seenyt-youtube-seo-ai-gro/ajjimohhpmkhgagldoegomjobgpkffdc,0.0,2.4955443375464483,1.0,0.0,0.0,"Money Indicators: 0.00, Demand Signals: 2.50, Competition Penalty: 1.00, Pain Signals: 0.00"
Unknown,youtube seo score,https://chromewebstore.google.com/detail/zbee-seo-analyzer-for-you/lgddmmhnmkmkfhaodogcoecdecegemgk,0.0,0.9030899869919435,1.0,0.0,0.0,"Money Indicators: 0.00, Demand Signals: 0.90, Competition Penalty: 1.00, Pain Signals: 0.00"
Unknown,email template chrome extension,https://chromewebstore.google.com/detail/gmail-email-templates-by/llccdnmbipddnkhmldacpcjjcnljpoij,0.0,5.301032167130962,1.0,0.0,0.0,"Money Indicators: 0.00, Demand Signals: 5.30, Competition Penalty: 1.00, Pain Signals: 0.00"
Unknown,email template chrome extension,https://chromewebstore.google.com/detail/briskine-email-templates/lmcngpkjkplipamgflhioabnhnopeabf,0.0,5.000004342923105,1.0,0.0,0.0,"Money Indicators: 0.00, Demand Signals: 5.00, Competition Penalty: 1.00, Pain Signals: 0.00"
Unknown,email template chrome extension,https://chromewebstore.google.com/detail/save-email-template-by-se/abokklkondgpdlcajcjiobegghjfccih,0.0,3.7782236267660965,1.0,0.0,0.0,"Money Indicators: 0.00, Demand Signals: 3.78, Competition Penalty: 1.00, Pain Signals: 0.00"
Unknown,email template chrome extension,https://chromewebstore.google.com/detail/shared-email-templates-si/kkajpjibkjkiminiilbodneoamodbhin,0.0,2.9122220565324155,1.0,0.0,0.0,"Money Indicators: 0.00, Demand Signals: 2.91, Competition Penalty: 1.00, Pain Signals: 0.00"
Unknown,email template chrome extension,https://chromewebstore.google.com/detail/outlook-email-templates-b/llhlhokgnabmiikbjdgjblajbbbenemj,0.0,3.602168551378997,1.0,0.0,0.0,"Money Indicators: 0.00, Demand Signals: 3.60, Competition Penalty: 1.00, Pain Signals: 0.00"
Unknown,email template chrome extension,https://chromewebstore.google.com/detail/mailchimp-templates-for-g/mmjgchjpejidmgmemdpemiojmblddmfb,0.0,4.000043427276863,1.0,0.0,0.0,"Money Indicators: 0.00, Demand Signals: 4.00, Competition Penalty: 1.00, Pain Signals: 0.00"
Unknown,email template chrome extension,https://chromewebstore.google.com/detail/hubspot-templates-for-gma/bpamdngaencblehpekanhchfaejgimln,0.0,3.3012470886362113,1.0,0.0,0.0,"Money Indicators: 0.00, Demand Signals: 3.30, Competition Penalty: 1.00, Pain Signals: 0.00"
Unknown,email template chrome extension,https://chromewebstore.google.com/detail/insert-and-send-html-with/bcflbfdlpegakpncdgmejelcolhmfkjh,0.0,4.477135730961123,1.0,0.0,0.0,"Money Indicators: 0.00, Demand Signals: 4.48, Competition Penalty: 1.00, Pain Signals: 0.00"
Unknown,email template chrome extension,https://chromewebstore.google.com/detail/gmail-ai-email-assistant/loclkojldkjladfhbngilnhbeffbkgdm,0.0,4.698978690138799,1.0,0.0,0.0,"Money Indicators: 0.00, Demand Signals: 4.70, Competition Penalty: 1.00, Pain Signals: 0.00"
Unknown,email template chrome extension,https://chromewebstore.google.com/detail/email-template-checker-wa/oelldnebggajjfacfajacfbkeekeakip,0.0,2.4756711883244296,1.0,0.0,0.0,"Money Indicators: 0.00, Demand Signals: 2.48, Competition Penalty: 1.00, Pain Signals: 0.00"
Unknown,email outreach examples,https://chromewebstore.google.com/detail/document-templates-email/hjhbekooienbklcbaoliaojklgbllelo,0.0,2.6711728427150834,1.0,0.0,0.0,"Money Indicators: 0.00, Demand Signals: 2.67, Competition Penalty: 1.00, Pain Signals: 0.00"
Unknown,email outreach examples,https://chromewebstore.google.com/detail/email-extractor-by-emailv/fplaepdipjjpkngejlakmcjkokghhndj,0.0,0.9542425094393249,1.0,0.0,0.0,"Money Indicators: 0.00, Demand Signals: 0.95, Competition Penalty: 1.00, Pain Signals: 0.00"
Unknown,email outreach examples,https://chromewebstore.google.com/detail/email-scraper/hilmcammjfaggcikhnfoapeecffdacnh,0.0,2.3654879848909,1.0,0.0,0.0,"Money Indicators: 0.00, Demand Signals: 2.37, Competition Penalty: 1.00, Pain Signals: 0.00"
Unknown,email outreach examples,https://chromewebstore.google.com/detail/xtractmail-email-finder-e/miodilbjeadhmalkdjgihlmdemjckhok,0.0,2.2528530309798933,1.0,0.0,0.0,"Money Indicators: 0.00, Demand Signals: 2.25, Competition Penalty: 1.00, Pain Signals: 0.00"
Unknown,email outreach examples,https://chromewebstore.google.com/detail/ai-email-generator/lmhhgiffhomodcmhfdaglibbmbibahjn,0.0,1.4471580313422192,1.0,0.0,0.0,"Money Indicators: 0.00, Demand Signals: 1.45, Competition Penalty: 1.00, Pain Signals: 0.00"
Unknown,email outreach examples,https://chromewebstore.google.com/detail/emailgo-email-extractor/pjbgfbjneobeegfkbamnflnbknkfmbba,0.0,1.1760912590556813,1.0,0.0,0.0,"Money Indicators: 0.00, Demand Signals: 1.18, Competition Penalty: 1.00, Pain Signals: 0.00"
Unknown,email outreach examples,https://chromewebstore.google.com/detail/youtube-email-finder/njgpamepkljollkepnbfcmhfniaflijh,0.0,2.9479236198317262,1.0,0.0,0.0,"Money Indicators: 0.00, Demand Signals: 2.95, Competition Penalty: 1.00, Pain Signals: 0.00"
Unknown,email outreach examples,https://chromewebstore.google.com/detail/leadiq-contact-data-in-on/befngoippmpmobkkpkdoblkmofpjihnk,0.0,4.602070848554296,1.0,0.0,0.0,"Money Indicators: 0.00, Demand Signals: 4.60, Competition Penalty: 1.00, Pain Signals: 0.00"
Unknown,email outreach examples,https://chromewebstore.google.com/detail/blocknotes/ebgmaljihmfbplmknjehheecopadefea,0.0,1.255272505103306,1.0,0.0,0.0,"Money Indicators: 0.00, Demand Signals: 1.26, Competition Penalty: 1.00, Pain Signals: 0.00"
Unknown,email outreach examples,https://chromewebstore.google.com/detail/send-mass-mail-+-html-ins/obngoldljmnnpggbekneikaohbeflbee,0.0,3.9031442704095385,1.0,0.0,0.0,"Money Indicators: 0.00, Demand Signals: 3.90, Competition Penalty: 1.00, Pain Signals: 0.00"
Unknown,how to write an outreach email,https://chromewebstore.google.com/detail/ghostwrite-chatgpt-email/fbjnnjochaopepfjpngghafgnafebkjh,0.0,4.477135730961123,1.0,0.0,0.0,"Money Indicators: 0.00, Demand Signals: 4.48, Competition Penalty: 1.00, Pain Signals: 0.00"
Unknown,how to write an outreach email,https://chromewebstore.google.com/detail/rightinbox-email-reminder/mflnemhkomgploogccdmcloekbloobgb,0.0,5.000004342923105,1.0,0.0,0.0,"Money Indicators: 0.00, Demand Signals: 5.00, Competition Penalty: 1.00, Pain Signals: 0.00"
Unknown,how to write an outreach email,https://chromewebstore.google.com/detail/email-writing-ai/jafhgiihbfojnaenimepogbbijojmcgk,0.0,1.3222192947339193,1.0,0.0,0.0,"Money Indicators: 0.00, Demand Signals: 1.32, Competition Penalty: 1.00, Pain Signals: 0.00"
Unknown,how to write an outreach email,https://chromewebstore.google.com/detail/kooni-ai-instantly-polish/albhobeoepneiobdgabalgkflnaknkja,0.0,2.639486489268586,1.0,0.0,0.0,"Money Indicators: 0.00, Demand Signals: 2.64, Competition Penalty: 1.00, Pain Signals: 0.00"
Unknown,how to write an outreach email,https://chromewebstore.google.com/detail/seprex-ai-email-assistant/dbmjdakkdaodljnnepmpmjmfhondnnja,0.0,0.0,1.0,0.0,0.0,"Money Indicators: 0.00, Demand Signals: 0.00, Competition Penalty: 1.00, Pain Signals: 0.00"
Unknown,how to write an outreach email,https://chromewebstore.google.com/detail/snoooz-ai-email-writer/ijdkhkfhndcohdmpogkjenlmjpeophlg,0.0,3.000434077479319,1.0,0.0,0.0,"Money Indicators: 0.00, Demand Signals: 3.00, Competition Penalty: 1.00, Pain Signals: 0.00"
Unknown,how to write an outreach email,https://chromewebstore.google.com/detail/official-ai-email-writer/pjbjfemelemehcajkcjihfagbmjicaii,0.0,2.595496221825574,1.0,0.0,0.0,"Money Indicators: 0.00, Demand Signals: 2.60, Competition Penalty: 1.00, Pain Signals: 0.00"
Unknown,how to write an outreach email,https://chromewebstore.google.com/detail/chatgpt-for-gmail-by-clou/fcblgiphlneejkokhnaagmjombnfdnog,0.0,4.477135730961123,1.0,0.0,0.0,"Money Indicators: 0.00, Demand Signals: 4.48, Competition Penalty: 1.00, Pain Signals: 0.00"
Unknown,how to write an outreach email,https://chromewebstore.google.com/detail/email-draft-accelerator/gekhjogflifbelhfnhgogmmgdomhbfaj,0.0,0.6020599913279624,1.0,0.0,0.0,"Money Indicators: 0.00, Demand Signals: 0.60, Competition Penalty: 1.00, Pain Signals: 0.00"
Unknown,email outreach chrome extension,https://chromewebstore.google.com/detail/findy-email-search-and-ou/amcdijdgmckgkkahhcobikllddfbfidi,0.0,4.000043427276863,1.0,0.0,0.0,"Money Indicators: 0.00, Demand Signals: 4.00, Competition Penalty: 1.00, Pain Signals: 0.00"
Unknown,email outreach chrome extension,https://chromewebstore.google.com/detail/email-search-and-outreach/kljfdjngbjfhkfbmcjamofaipcmkbdmb,0.0,2.4927603890268375,1.0,0.0,0.0,"Money Indicators: 0.00, Demand Signals: 2.49, Competition Penalty: 1.00, Pain Signals: 0.00"
Unknown,email outreach chrome extension,https://chromewebstore.google.com/detail/klenty-email-outreach-tra/dcobodbibhecmhnamioljhlnaeoimbcd,0.0,3.000434077479319,1.0,0.0,0.0,"Money Indicators: 0.00, Demand Signals: 3.00, Competition Penalty: 1.00, Pain Signals: 0.00"
Unknown,email outreach chrome extension,https://chromewebstore.google.com/detail/linkedin-email-finder-int/nbmmhcmajjdfjobnmgnkbdhfpnbhpkef,0.0,3.602168551378997,1.0,0.0,0.0,"Money Indicators: 0.00, Demand Signals: 3.60, Competition Penalty: 1.00, Pain Signals: 0.00"
Unknown,email outreach chrome extension,https://chromewebstore.google.com/detail/gmass-powerful-mail-merge/ehomdgjhgmbidokdgicgmdiedadncbgf,0.0,5.60206107706281,1.0,0.0,0.0,"Money Indicators: 0.00, Demand Signals: 5.60, Competition Penalty: 1.00, Pain Signals: 0.00"
Unknown,email outreach chrome extension,https://chromewebstore.google.com/detail/github-email-outreach-ass/akhgdlofbofpfljgkjnecaebaephkmif,0.0,1.041392685158225,1.0,0.0,0.0,"Money Indicators: 0.00, Demand Signals: 1.04, Competition Penalty: 1.00, Pain Signals: 0.00"
Unknown,email outreach chrome extension,https://chromewebstore.google.com/detail/sendr-hyper-personalized/canglcahejooelklghilekmaahpbmlpk,0.0,3.000434077479319,1.0,0.0,0.0,"Money Indicators: 0.00, Demand Signals: 3.00, Competition Penalty: 1.00, Pain Signals: 0.00"
Unknown,recruiter sourcing tools,https://chromewebstore.google.com/detail/free-sourcing-tools/cecfglplkbiojemjbklimdhcmdhffanj,0.0,2.416640507338281,1.0,0.0,0.0,"Money Indicators: 0.00, Demand Signals: 2.42, Competition Penalty: 1.00, Pain Signals: 0.00"
Unknown,recruiter sourcing tools,https://chromewebstore.google.com/detail/email-finder-kendo-sourci/kecadfolelkekbfmmfoifpfalfedeljo,0.0,4.698978690138799,1.0,0.0,0.0,"Money Indicators: 0.00, Demand Signals: 4.70, Competition Penalty: 1.00, Pain Signals: 0.00"
Unknown,recruiter sourcing tools,https://chromewebstore.google.com/detail/pcr-capture/dfgdlkjpipgemdjaggbaponjifbnekhj,0.0,3.602168551378997,1.0,0.0,0.0,"Money Indicators: 0.00, Demand Signals: 3.60, Competition Penalty: 1.00, Pain Signals: 0.00"
Unknown,recruiter sourcing tools,https://chromewebstore.google.com/detail/talentquery-boolean-searc/ldeejhjgppijilcmhflmnfhcbledpibm,0.0,1.1760912590556813,1.0,0.0,0.0,"Money Indicators: 0.00, Demand Signals: 1.18, Competition Penalty: 1.00, Pain Signals: 0.00"
Unknown,recruiter sourcing tools,https://chromewebstore.google.com/detail/domino-tabs-social-profil/domodgijdpcgohgmjghancdkhionelmm,0.0,1.99563519459755,1.0,0.0,0.0,"Money Indicators: 0.00, Demand Signals: 2.00, Competition Penalty: 1.00, Pain Signals: 0.00"
Unknown,candidate sourcing tools,https://chromewebstore.google.com/detail/docgptai-linkedin-automat/pgkcgodejfmhedclkalhoogidgiokhge,0.0,2.399673721481038,1.0,0.0,0.0,"Money Indicators: 0.00, Demand Signals: 2.40, Competition Penalty: 1.00, Pain Signals: 0.00"
Unknown,candidate sourcing tools,https://chromewebstore.google.com/detail/connect-linkedin-jobs-wit/nodgehkojgdaecibodnchekogjhfhlbl,0.0,1.505149978319906,1.0,0.0,0.0,"Money Indicators: 0.00, Demand Signals: 1.51, Competition Penalty: 1.00, Pain Signals: 0.00"
Unknown,candidate sourcing tools,https://chromewebstore.google.com/detail/rival/nogdppkjhdnlpkbbdbgpmekmbfpkkogb,0.0,3.000434077479319,1.0,0.0,0.0,"Money Indicators: 0.00, Demand Signals: 3.00, Competition Penalty: 1.00, Pain Signals: 0.00"
Unknown,candidate sourcing tools,https://chromewebstore.google.com/detail/clinch-sourcing-companion/jnhiobijbfkpiciacdfodolmkggdbegi,0.0,1.5563025007672873,1.0,0.0,0.0,"Money Indicators: 0.00, Demand Signals: 1.56, Competition Penalty: 1.00, Pain Signals: 0.00"
Unknown,candidate sourcing tools,https://chromewebstore.google.com/detail/job-description/lflebomkebbacnippaaoofjbkhajiloe,0.0,2.45178643552429,1.0,0.0,0.0,"Money Indicators: 0.00, Demand Signals: 2.45, Competition Penalty: 1.00, Pain Signals: 0.00"
Unknown,candidate sourcing tools,https://chromewebstore.google.com/detail/profile-enhancer-pro/ahjbffbpifndaagokhldcaalpegbhpkd,0.0,0.6020599913279624,1.0,0.0,0.0,"Money Indicators: 0.00, Demand Signals: 0.60, Competition Penalty: 1.00, Pain Signals: 0.00"
Unknown,candidate sourcing tools,https://chromewebstore.google.com/detail/talenai/bkbkldeidmhgccmmoenfmledeicehknd,0.0,0.9030899869919435,1.0,0.0,0.0,"Money Indicators: 0.00, Demand Signals: 0.90, Competition Penalty: 1.00, Pain Signals: 0.00"
Unknown,talent sourcing tools,https://chromewebstore.google.com/detail/ultimatesourcer-byss/eadohlgmphfcfjikjibhoalkmcomgigd,0.0,1.1139433523068367,1.0,0.0,0.0,"Money Indicators: 0.00, Demand Signals: 1.11, Competition Penalty: 1.00, Pain Signals: 0.00"
Unknown,talent sourcing tools,https://chromewebstore.google.com/detail/hiroo/pnelhidginfmcljddkhflacemmcebpmk,0.0,1.2041199826559248,1.0,0.0,0.0,"Money Indicators: 0.00, Demand Signals: 1.20, Competition Penalty: 1.00, Pain Signals: 0.00"
Unknown,talent sourcing tools,https://chromewebstore.google.com/detail/iris/lmemhohjmchkklapmmnleokfnflllhpo,0.0,2.61066016308988,1.0,0.0,0.0,"Money Indicators: 0.00, Demand Signals: 2.61, Competition Penalty: 1.00, Pain Signals: 0.00"
Unknown,talent sourcing tools,https://chromewebstore.google.com/detail/flinkk-hire-linkedin/pfbnjfnahbilmheeccnpjfhhjcnakbje,0.0,2.305351369446624,1.0,0.0,0.0,"Money Indicators: 0.00, Demand Signals: 2.31, Competition Penalty: 1.00, Pain Signals: 0.00"
Unknown,candidate sourcing tools free,https://chromewebstore.google.com/detail/recruit-crm-sourcing-exte/pabamgafdnanldcgdhpfohfdpjjbekom,0.0,4.000043427276863,1.0,0.0,0.0,"Money Indicators: 0.00, Demand Signals: 4.00, Competition Penalty: 1.00, Pain Signals: 0.00"
Unknown,candidate sourcing tools free,https://chromewebstore.google.com/detail/peakai-free-instant-b2b-p/jndeeioopbcflpclpfnflmekcddknoph,0.0,2.8000293592441343,1.0,0.0,0.0,"Money Indicators: 0.00, Demand Signals: 2.80, Competition Penalty: 1.00, Pain Signals: 0.00"
Unknown,candidate sourcing tools free,https://chromewebstore.google.com/detail/cats-extension/elhkfmcodhgaoodhemkeempcihlcbpia,0.0,3.477265995424853,1.0,0.0,0.0,"Money Indicators: 0.00, Demand Signals: 3.48, Competition Penalty: 1.00, Pain Signals: 0.00"
Unknown,candidate sourcing tools free,https://chromewebstore.google.com/detail/profilespider-ai-profile/kflfkaepmkjnimnegemkpckkhplodhaf,0.0,2.322219294733919,1.0,0.0,0.0,"Money Indicators: 0.00, Demand Signals: 2.32, Competition Penalty: 1.00, Pain Signals: 0.00"
Unknown,top recruiting sourcing tools,https://chromewebstore.google.com/detail/copygoat-text-templates-s/hnnlhgcljcbgkebncpijgeaokpkohhph,0.0,0.8450980400142568,1.0,0.0,0.0,"Money Indicators: 0.00, Demand Signals: 0.85, Competition Penalty: 1.00, Pain Signals: 0.00"
Unknown,what is a sourcing recruiter,https://chromewebstore.google.com/detail/recruiterflow/gdlphfgigkboncdlkjcamelidhkcgpie,0.0,3.7782236267660965,1.0,0.0,0.0,"Money Indicators: 0.00, Demand Signals: 3.78, Competition Penalty: 1.00, Pain Signals: 0.00"
Unknown,what is a sourcing recruiter,https://chromewebstore.google.com/detail/nixz-plugin-ai-recruiting/aielpkmgjjaddochapclgdhakecjloih,0.0,3.8451600776519457,1.0,0.0,0.0,"Money Indicators: 0.00, Demand Signals: 3.85, Competition Penalty: 1.00, Pain Signals: 0.00"
Unknown,what is a sourcing recruiter,https://chromewebstore.google.com/detail/upnest-sourcing/colmnmimcjhdkgmjmoacagpmpfbkhofg,0.0,1.591064607026499,1.0,0.0,0.0,"Money Indicators: 0.00, Demand Signals: 1.59, Competition Penalty: 1.00, Pain Signals: 0.00"
Unknown,what is a sourcing recruiter,https://chromewebstore.google.com/detail/skimit-linkedin-recruiter/ipaajbgmiinahmfbmmjpikmfjkccpocj,0.0,1.505149978319906,1.0,0.0,0.0,"Money Indicators: 0.00, Demand Signals: 1.51, Competition Penalty: 1.00, Pain Signals: 0.00"
Unknown,what is a sourcing recruiter,https://chromewebstore.google.com/detail/join-talent-sourcing/ejhbogofejeijcndmcehmaagmpijieic,0.0,3.000434077479319,1.0,0.0,0.0,"Money Indicators: 0.00, Demand Signals: 3.00, Competition Penalty: 1.00, Pain Signals: 0.00"
Unknown,what is a sourcing recruiter,https://chromewebstore.google.com/detail/digital-recruiter/ihcnepmojmgcchnmeiikkofdfocekhnb,0.0,1.0,1.0,0.0,0.0,"Money Indicators: 0.00, Demand Signals: 1.00, Competition Penalty: 1.00, Pain Signals: 0.00"
Unknown,recruiter sourcing tool,https://chromewebstore.google.com/detail/dotlinker-talent-sourcing/ahkanmhadkofolbaokeahjampgkfdami,0.0,1.8325089127062364,1.0,0.0,0.0,"Money Indicators: 0.00, Demand Signals: 1.83, Competition Penalty: 1.00, Pain Signals: 0.00"
Unknown,recruiter sourcing tool,https://chromewebstore.google.com/detail/dover-sourcing-extension/knjnhpcmdnakigmnekianbpmhdfkejom,0.0,2.9804578922761,1.0,0.0,0.0,"Money Indicators: 0.00, Demand Signals: 2.98, Competition Penalty: 1.00, Pain Signals: 0.00"
Unknown,recruiter sourcing tool,https://chromewebstore.google.com/detail/juicebox-ai-powered-sourc/iejdbgkemppncmaimjcgelcpmlkogmmf,0.0,3.477265995424853,1.0,0.0,0.0,"Money Indicators: 0.00, Demand Signals: 3.48, Competition Penalty: 1.00, Pain Signals: 0.00"
Unknown,recruiter sourcing tool,https://chromewebstore.google.com/detail/hireright-linkedin-ai-rec/kehgpkpcnciipkmemljdgippdolecnee,0.0,1.9344984512435677,1.0,0.0,0.0,"Money Indicators: 0.00, Demand Signals: 1.93, Competition Penalty: 1.00, Pain Signals: 0.00"
Unknown,recruiter sourcing tool,https://chromewebstore.google.com/detail/seekout-sourcing-assistan/fpeamfhkkhdjdikhbalglpemmhcaikmf,0.0,3.7782236267660965,1.0,0.0,0.0,"Money Indicators: 0.00, Demand Signals: 3.78, Competition Penalty: 1.00, Pain Signals: 0.00"
