Category,Product Idea,Pain Point,Monetization,Target Audience
E-commerce,AI Ad Copy Re-writer,High cost of copywriters & low CTR,SaaS Subscription,Dropshippers & Brand Owners
E-commerce,Shopify Inventory Alerts,Products going out of stock without notice,Monthly Fee per Store,Shopify Sellers
E-commerce,Competitor Review Sentiment AI,Manually reading 1000s of reviews,Pay-per-report,Marketing Agencies
Recruitment,LinkedIn Match-Score Extension,Manual vetting of 100s of candidates,B2B License,HR Recruiters
Recruitment,Automated Applicant Filter,Swamped with low-quality resumes,Subscription,Small Business Owners
Local B2B,Google Maps Lead Auditor,Slow websites & poor GMB optimization,Pay-per-audit / SaaS,SEO & Web Agencies
Local B2B,Review Management Bot,Local businesses forgetting to reply to reviews,Monthly Service,Restaurants & Dental Clinics
Productivity,Google Sheets Data Pipeline,Manual data entry from web to sheets,SaaS / Add-ons,Data Analysts
Productivity,AI Meeting Minutes for Google Meet,Forgetting key points in meetings,Individual Subscription,Project Managers
Productivity,browser-based Time Blocker,Distraction and poor focus,One-time purchase,Remote Workers
Real Estate,Real Estate Scraper Sidebar,Manual checking of property prices/taxes,B2B License,Real Estate Agents
Content,YouTube Chapters Generator AI,Timestamping long videos is tedious,Usage-based (API),YouTubers & Editors
Content,Twitter/X Ghostwriter Sidebar,Writer's block & low engagement,Subscription,Creators & Personal Brands
Education,PDF-to-Quiz Generator,Teachers spending hours creating tests,School Licenses,Teachers & Students
Sales,Email Outreach Personalizer,Cold emails looking like spam,Monthly Fee,Sales Development Reps (SDRs)
Sales,Upwork Proposal Assistant,Low response rate on manual proposals,One-time / Subscription,Freelancers
Legal,Contact Clause Risk Analyzer,Reading long contracts for hidden risks,Per-document fee,Lawyers & Small Businesses
AI Assets,AI Image Upscaler for Shop Owners,Blurry product images from suppliers,Pay-per-image,E-commerce Sellers
AI Assets,Automatic Subtitle Burner,Expensive video editing software,Usage-based,Short-form Content Creators
Health,Medication Adherence Tracker,Forgetting to take complex medicine doses,App Subscription,Elderly & Chronic Patients
